Candidate,Cell_Viability,Necrosis,Cytoplasm_area,Cell_Death,Nuclei_Area,Bioactivity
Compound_I-N-1,164.2334845,10219.88031,214.2573302,581.8390954,709.552942,3.517048955
Compound_I-N-2,103.7029196,1059.094276,145.4194591,198.1748905,466.6326009,3.990450906
Compound_I-N-3,176.9160123,8199.415347,263.4533228,420.6880533,1198.618544,5.076627298
Compound_I-N-4,103.7808902,8219.304826,246.7131829,551.8234588,679.6168925,3.470929757
Compound_I-N-5,97.32277586,3205.795501,151.679666,317.3626155,615.9921822,2.239694626
Compound_I-N-7,165.9474382,435834.5069,359.02082,663.8836074,756.4900065,10.55516512
Compound_I-N-8,52.32269145,350.1486852,74.614377,103.5147484,223.8288161,4.563505576
Compound_I-N-9,50.70379976,334.5793574,73.78188712,93.25378754,227.1154065,4.422426572
Compound_I-N-10,186.4409093,16150.22756,275.6665734,710.6950223,1153.57838,3.416351051
Compound_I-N-11,172.0793603,14027.07793,287.5617412,841.3111577,1107.535697,2.662797987
Compound_I-N-12,202.8111282,30755.80689,281.716823,762.530958,1155.365278,3.586105153
Compound_I-N-13,114.3777791,5739.364479,185.1222275,481.5148317,531.68641,2.945052537
Compound_I-N-14,119.690765,2982.916414,186.0173576,319.5452885,535.7728722,4.277895767
Compound_I-N-15,174.9941627,5936.663246,248.5319715,452.3387102,1162.047813,5.981696048
Compound_I-N-16,109.4178933,5020.588928,193.2390153,427.4875188,524.3288377,2.820455668
Compound_I-N-17,148.0283522,21131.98433,337.0067704,645.9873596,965.51065,4.826489352
Compound_I-N-18,65.86496363,1358.562359,128.3379172,245.8363455,548.1966486,2.646200091
Compound_I-N-19,185.8112068,22528.5105,362.662677,1048.055378,1113.918203,3.275799615
Compound_I-N-20,94.90261324,5569.646325,192.0084906,450.9281359,546.7278721,4.457249824
Compound_I-N-21,90.56094246,6005.799224,197.4651549,401.443373,647.8384461,3.546639113
Compound_I-N-22,189.0620819,24942.87719,371.2412192,995.6242744,1171.419485,5.193517028
Compound_I-N-23,111.6659809,2590.996037,149.9346131,315.5299483,459.2573301,3.958639004
Compound_I-N-24,121.5001842,2564.541137,157.1036239,343.2122665,497.7760516,4.210019567
Compound_I-N-25,53.14998265,533.9915625,68.98514359,125.2765029,156.4680223,1.933690006
Compound_I-N-26,335.5043269,209749476.9,1099.508047,1677.62056,1952.824089,16.864585
Compound_I-N-27,114.1612421,23328.97846,289.4088393,509.1195633,437.0856203,6.718995573
Compound_I-N-28,142.1900805,17636.09189,268.2050492,494.291811,474.7134145,8.63121948
Compound_I-N-29,164.283361,7657.026061,244.8611689,341.1053575,463.4151362,7.831579587
Compound_I-N-30,94.71559587,120900.6112,303.4357536,515.011021,516.31276,7.335059763
Compound_I-N-31;Compound_I-N-112,72.48126508,882.6131047,118.4858011,223.7304726,527.2375231,3.263370346
Compound_I-N-32,77.58880098,2115.14841,138.8418503,326.4265647,456.0640986,1.652363243
Compound_I-N-33,134.3913288,9891.62785,250.2202998,503.4252656,850.0752275,3.397582216
Compound_I-N-34,80.07785495,1255.384663,126.2915279,234.7798443,297.6975775,2.763336073
Compound_I-N-35,98.58521148,1558.48496,142.9019919,191.3811159,412.1975376,4.35027067
Compound_I-N-36,63.93966291,693.4428246,81.59911706,120.9382716,291.7903041,2.441856548
Compound_I-N-37,60.87318279,550.513881,92.26559033,131.4286653,230.4382291,2.443565751
Compound_I-N-38,80.2898804,967.305763,98.64686648,187.9698577,298.0334967,1.962332682
Compound_I-N-39,75.80559718,1291.257015,130.5981283,258.8769067,335.8277191,2.86876338
Compound_I-N-40,74.43327167,963.6690214,131.0376058,190.5071186,288.7089358,3.971698038
Compound_I-N-41,98.87010606,1598.195055,124.5963614,219.3758127,390.3904259,3.276802582
Compound_I-N-42,234.9446089,15707.5598,754.1507071,2489.914734,3200.21975,6.236688179
Compound_I-N-43,113.1067898,1922.081116,149.2238451,250.0390179,580.9662875,4.02513369
Compound_I-N-44,114.069711,2330.359014,199.2124089,263.5745349,391.8485664,5.995927816
Compound_I-N-45,60.07813632,552.6585329,79.12897365,98.16856458,275.0179357,2.64741098
Compound_I-N-46,72.27285529,560.0162843,90.38088609,147.5804946,257.7106296,2.393558728
Compound_I-N-47,198.3265322,16778.62141,437.6738478,684.1498894,1131.42874,4.995254938
Compound_I-N-48,70.14864873,1257.008042,104.3569355,222.6142915,293.5058681,2.385379234
Compound_I-N-49,41.94301386,274.2991926,48.48971669,61.71828226,169.8344736,2.003593655
Compound_I-N-50,49.56197951,444.3639112,56.52782276,72.31365548,203.0270687,2.120241041
Compound_I-N-51,106.0685054,3633.091498,182.2196448,352.3161255,517.4616564,3.904244257
Compound_I-N-52,118.7759373,1676.712154,157.101149,262.1910791,414.0359865,4.110565855
Compound_I-N-53,83.48057758,780.5082297,119.8697318,184.8306469,309.2625467,2.832328652
Compound_I-N-54,99.9004643,1761.145412,140.7443114,243.9832404,384.7697282,3.873438209
Compound_I-N-55,72.12521946,646.0773514,101.6678818,139.873619,268.9567073,3.895513968
Compound_I-N-56,52.66855678,580.00382,83.98739818,137.4043597,310.3288404,1.765425734
Compound_I-N-57,99.6493192,2205.504066,176.0186242,231.6232197,605.8248838,3.161361918
Compound_I-N-58,108.4735405,3979.186117,141.8960321,282.6095901,417.1441882,2.824886492
Compound_I-N-59,132.5616632,4133.677339,202.2399405,270.5306134,713.1834547,5.170051558
Compound_I-N-60,120.9826439,5867.020318,195.5048862,418.9006528,618.2623298,3.888142633
Compound_I-N-61,71.1702754,570.6407197,93.78793049,114.5616981,335.2290147,2.773252585
Compound_I-N-62,98.61919182,4265.508307,173.0745215,411.3691823,433.5695443,2.776116782
Compound_I-N-63,210.6516415,10797.426,401.7592846,528.8024543,1195.365193,5.7245996
Compound_I-N-64,88.357506,2419.227615,145.0345002,304.6140985,449.6227476,2.550041995
Compound_I-N-65,65.16490195,1295.283413,93.88854088,179.4450601,312.7511852,2.26269423
Compound_I-N-66,140.2779851,34348.56603,319.3564732,614.2418616,636.8705389,5.279787108
Compound_I-N-67,75.23366413,1325.245195,108.1231341,219.6017201,313.4275282,3.633863566
Compound_I-N-68,198.1573475,379749.0422,361.5365333,500.055919,600.6673073,13.38309803
Compound_I-N-69,168.0658824,15597.90615,322.6507582,881.9954669,629.4476262,4.181613454
Compound_I-N-70,68.67222873,913.3021062,114.7091884,197.3154004,289.3419054,3.706256747
Compound_I-N-71,67.88701039,1496.255227,102.8783763,199.9331172,316.4355162,2.401673957
Compound_I-N-72,127.6480087,2088.260795,181.4784359,274.7984147,630.0616047,4.103598716
Compound_I-N-73,177.6970774,60984.97233,347.4504844,920.3252579,697.565065,4.475826757
Compound_I-N-74,300.8969372,982702.3424,505.2161356,1042.808096,975.5266357,8.173498791
Compound_I-N-75,103.9592331,7143.576581,261.4985367,375.2116289,479.8490764,6.456750479
Compound_I-N-76,77.4914875,1204.686837,107.927388,180.2403641,263.4600433,2.439159506
Compound_I-N-77,300.8151706,817735.5391,1803.654804,3568.070457,2840.292504,14.92692964
Compound_I-N-78,117.3151761,1903.84685,153.880753,229.9320117,388.2144267,3.062734696
Compound_I-N-79,183.1420308,448741.3003,792.696742,1975.28421,840.6610433,8.254905471
Compound_I-N-80,210.6957798,6350.71832,376.8110862,562.1400339,1728.611185,5.817733577
Compound_I-N-81,822.028705,1556879964,7603.986198,8576.011013,7650.441774,15.28423744
Compound_I-N-82,265.9873439,4583.484406,347.9785009,398.3027916,1551.194553,5.392635762
Compound_I-N-83,580.8777367,28227959.49,1937.092299,3739.961261,5037.77584,10.92162304
Compound_I-N-84,199.873164,3665137.595,1018.304939,2516.179207,1108.927162,9.129406379
Compound_I-N-85,144.0787376,4848.190458,188.5884757,328.0534849,842.2564736,3.951403421
Compound_I-N-86,56.8759092,468.0572746,72.86266751,109.3866621,190.3378125,2.616414791
Compound_I-N-87,51.59178303,521.2528008,77.59925195,115.9866869,197.7318535,2.039154768
Compound_I-N-88,93.79488557,616.170753,102.9607635,137.8801692,312.8848011,4.696254624
Compound_I-N-89,174.9924963,1278.115429,154.9553313,176.0442332,707.3339051,4.756230513
Compound_I-N-90,182.9835437,1857.93879,174.2891855,250.0892155,815.7041858,5.798741388
Compound_I-N-91,44.50019258,253.2346107,64.98435226,97.32778073,164.4166957,2.521454736
Compound_I-N-92,2861.139291,N/A,1347097.811,926390.0887,1327030.718,63.6842252
Compound_I-N-93,43.22274024,413.2409838,66.55939138,106.5714757,205.8522101,1.904380692
Compound_I-N-94,43.8046757,273.4889155,50.52464679,78.06154716,184.8490717,1.535767514
Compound_I-N-95,59.35411774,639.329839,71.41766967,128.9381312,248.8390985,1.717298261
Compound_I-N-97,42.40981971,188.2514138,39.21524037,51.34327616,159.3185073,1.279826426
Compound_I-N-98,43.81330609,331.4222012,56.73142739,92.20306689,161.0903216,1.955275525
Compound_I-N-99,51.49148665,649.1395094,61.56328843,117.811386,205.5603401,1.719051263
Compound_I-N-100,77.05775217,965.1287877,87.74155309,156.2591341,281.9364909,2.566947153
Compound_I-N-101,39.45661175,298.8183371,40.21357305,66.20925618,112.16395,2.288514222
Compound_I-N-102,30.87817277,197.9684011,25.51241734,43.49120107,91.32573608,1.821761306
Compound_I-N-103,46.0105158,374.0487359,58.58710207,96.17659511,168.5474824,1.985192999
Compound_I-N-104,91.57471248,1067.684242,112.0316683,216.8270921,389.6062626,1.884716753
Compound_I-N-105,50.46426642,377.9969549,67.46669969,105.2073293,191.8697566,2.172226944
Compound_I-N-106,29.49840394,145.3306622,27.18018946,41.27904731,100.6944609,1.306798366
Compound_I-N-107,71.57142652,1173.426884,98.67511294,197.3880945,366.5284457,1.967966976
Compound_I-N-108,57.48250397,740.9272092,82.40635254,151.3214803,241.8508594,2.5517678
Compound_I-N-109,64.13788441,874.3935665,95.01665586,167.0755313,358.8207445,1.845377468
Compound_I-N-111,135.8486201,7074.481942,279.1527108,493.5390796,997.487147,4.203666426
Compound_I-N-113,215.9729098,12542.43818,509.753862,578.0706944,1565.282295,6.083197857
Compound_I-N-115,221.8399896,152371.2028,559.786588,1303.863139,2024.547131,5.052450772
Compound_I-N-116,201.8918987,53289.50314,596.3190114,1081.023511,1227.979125,5.418926795
Compound_I-N-117,83.98024091,2002.22796,121.7409044,255.8120341,309.074288,2.240027509
Compound_I-N-118,93.281472,770.5038066,123.2591932,174.4243873,371.7786689,4.737171011
Compound_I-N-119,84.65798123,3470.529939,157.8389399,363.9354501,520.0520189,1.590655286
Compound_I-N-120,81.39319302,3856.010641,165.8579087,420.7079494,510.8054135,1.627198932
Compound_I-N-121,132.1856369,4766.524949,205.341379,535.7644261,678.6338495,2.27755315
Compound_I-N-122,143.0819124,14047.71446,244.584681,706.9604123,780.8106616,2.843543315
Compound_I-N-123,122.4402994,4811.862823,209.4157904,575.5736641,113.0751554,2.018601309
Compound_I-N-124,111.4916154,5807.258432,192.3930455,546.555881,527.9182531,2.170398934
Compound_I-N-125,167.7162523,14276.0148,273.7317803,774.2195328,985.8223263,3.028435904
Compound_I-N-126,77.85358936,555.460433,95.84623646,142.2614671,289.1407142,3.648234649
Compound_I-N-127,146.8630345,22280.65881,281.0506155,732.9269226,890.1113874,4.664821465
Compound_I-N-128,47.68616215,306.5647525,56.93901984,113.4247844,210.2505324,2.101763566
Compound_I-N-129,37.70278604,366.9835165,41.73990672,58.03007536,151.2856719,1.642975938
Compound_I-N-130,40.63014107,246.3358583,52.80779587,92.59996146,178.8937084,1.641722304
Compound_I-N-131,59.48232144,250.7546734,51.60613992,99.26703697,190.2454251,1.833050541
Compound_I-N-132,54.26439503,301.9674988,58.27560245,116.4859996,171.3035015,1.810278894
Compound_I-N-133,240.7438896,6551.820899,511.1803655,948.8140221,1640.625314,3.503672743
Compound_I-N-134,37.4211897,189.219658,49.94672276,79.78923641,190.351701,1.456290055
Compound_I-N-135,157.723298,44660.69889,412.711178,946.0503766,1051.127348,4.339337159
Compound_I-N-136,383.835519,N/A,1011.787701,2019.436943,1423.829082,11.92560599
Compound_I-N-137,144.3196557,12729.66569,344.7285411,696.2868521,1034.980985,3.69365083
Compound_I-N-138,81.160363,1106.853335,119.9083028,209.1888113,294.7520235,2.300544691
Compound_I-N-139,140.6864186,12131.04372,225.9280492,589.5482124,759.0414474,3.997846809
Compound_I-N-140,99.71271463,758.1760284,121.716311,247.6099811,430.3745612,2.619375176
Compound_I-N-141,437.0035148,3101110626,2159.524513,4086.327571,4167.588836,14.43379549
Compound_I-N-142,71.04576525,1422.841766,92.37647807,181.6443479,204.7914577,1.986446668
Compound_I-N-143,100.4785372,2026.080648,116.2120244,228.9353552,321.0799642,2.088352092
Compound_I-N-144,61.16569987,1479.699022,88.08306569,185.3863575,185.6136292,1.790879906
Compound_I-N-145,111.0289007,11697.58888,298.2039604,762.6441056,419.8849885,3.979939075
Compound_I-N-146,198.9497452,17300800960,967.5177621,12608.00867,1746.453384,6.946588288
Compound_I-N-147,146.8780489,19690.56941,342.4352117,849.032652,878.843113,4.923236554
Compound_I-N-148,58.90915779,336.1479246,58.77725208,114.3972609,182.4461124,2.361911862
Compound_I-N-149,55.95995351,568.3386121,70.23289819,144.3688455,254.7930002,1.502292038
Compound_I-N-150,38.68745884,206.4424284,37.22006717,59.0959092,147.9805229,1.129081245
Compound_I-N-151,104.4728683,1066.224564,157.4526616,314.7057823,587.8200906,3.134206989
Compound_I-N-152,165.506992,5715541.043,492.4383646,1360.550732,792.647114,10.58615379
Compound_I-N-154,47.27236907,199.1931027,36.82717683,69.29055651,137.0136721,1.679832174
Compound_I-N-155,214.2883064,5488538.406,896.9641601,5469.470361,1708.247873,5.428347297
Compound_I-N-156,62.73702472,485.7936364,79.76862825,153.7823812,272.1280944,2.674153312
Compound_I-N-157,71.91862264,1017.982104,113.62833,247.048647,419.1082044,2.864891228
Compound_I-N-158,207.1049875,122892108.8,724.6703728,2293.295279,1470.305381,7.076036918
Compound_I-N-159,161.2726432,158809470.1,467.7399095,1294.547342,907.9649653,5.744986683
Compound_I-N-160,70.70879403,1642.491572,129.3303732,259.4081108,455.0756731,4.206865342
Compound_I-N-161,226.0785107,2.04E+11,678.745309,1347.201988,1666.772994,13.15191136
Compound_I-N-162,403.1873119,N/A,1038.214069,2098.983995,2385.010589,18.9455096
Compound_I-N-163,244.7234823,101225507.6,630.0492212,1957.370777,1562.875554,12.14372537
Compound_I-N-164,72.39854424,502.9227441,69.33799147,148.0663857,316.2907064,2.107304941
Compound_I-N-165,248.0872731,3.13E+12,944.4610774,4000.479242,1761.532421,9.82040668
Compound_I-N-166,90.89646181,686.5201293,133.7330325,246.1387029,416.9993239,2.495498945
Compound_I-N-167,49.49711466,237.1295489,38.04809374,86.06161119,138.6195745,1.785560746
Compound_I-N-168,50.54312953,356.0383664,62.11981978,125.4558227,232.4113628,2.834148245
Compound_I-N-169,171.3198859,1053492.484,510.9230705,2535.315776,1017.417446,5.947130013
Compound_I-N-170,206.2545256,2593877.888,118.5289146,4039.999024,1746.228377,7.117815097
Compound_I-N-171,95.04084402,1743.738178,165.0656629,435.6703484,459.3763375,2.93852802
Compound_I-N-172,72.21036761,452.9254444,68.66787816,128.3425684,255.5526691,2.268025728
Compound_I-N-173;Compound_I-N-214,56.28416682,866.6997915,115.5237691,230.3777914,321.5742324,2.387517966
Compound_I-N-174,101.7512859,1152.012777,116.3277024,246.2901582,333.6165687,3.027305102
Compound_I-N-175,54.95845145,479.1894677,72.25230886,131.6193947,241.5649483,2.404370264
Compound_I-N-176,171.5722353,1257639.555,441.5525259,1373.722583,867.6955372,7.337187548
Compound_I-N-177,255.9713083,292836475.1,961.1382579,3702.55993,1455.740244,9.950597449
Compound_I-N-178,334.7317425,N/A,2173.965498,5169.633443,2935.478866,15.01766055
Compound_I-N-179,308.8905012,105534610.3,1007.793917,3780.313501,1819.296058,10.82621278
Compound_I-N-180,63.75297393,784.6779615,66.8039735,126.2173895,158.1168817,1.753445214
Compound_I-N-181,82.12077461,1015.071995,124.122997,238.6380715,420.5537617,3.196561101
Compound_I-N-182;Compound_I-N-186,221.3056305,2982387.65,573.2755181,1279.650605,1188.374981,8.959793957
Compound_I-N-183,103.8817467,1186.572292,128.4063173,221.6773624,473.4124975,2.585960346
Compound_I-N-184,72.65743938,2584.356538,134.5821244,284.1313204,302.9398683,3.885600608
Compound_I-N-185,77.08855012,945.0658684,112.3538891,251.7516187,469.4411455,3.114125583
Compound_I-N-187,108.3271356,2249.241221,206.5700039,382.1422416,692.1187941,4.206679114
Compound_I-N-188,69.84544753,491.5566736,80.60179163,135.0161765,294.9192834,3.447694359
Compound_I-N-189,101.5359988,2062.546659,171.9603561,349.7964958,558.5985605,2.101321736
Compound_I-N-190,237.5411161,1.46E+12,786.723972,2814.085273,1649.993436,10.53683599
Compound_I-N-191,127.2793698,628.331299,98.82294177,181.5600501,436.8567287,2.176572267
Compound_I-N-192,20.13596564,85.96165641,14.80872831,21.51848278,47.61074223,0.923120378
Compound_I-N-193,92.99646391,494.4934632,100.7130446,244.2072604,373.973226,2.441186926
Compound_I-N-194,63.41810142,696.2213383,90.44429036,191.5699381,268.4747092,3.084243171
Compound_I-N-195,263.174746,121243303.4,758.3724651,2376.479473,1238.94503,8.700389634
Compound_I-N-196,69.50015898,486.6620004,77.25905092,124.4740707,246.0536958,2.868740338
Compound_I-N-197,38.63326336,338.9875785,62.35686644,107.2933351,154.7530934,2.330616611
Compound_I-N-198,81.20085953,1776.65541,134.9479987,298.2453469,552.2025918,4.202762716
Compound_I-N-199,85.60480225,1657.816312,135.5080096,264.4785007,523.6809101,4.533006438
Compound_I-N-200;Compound_I-N-271,191.7327662,252566.4007,576.2747141,2404.725782,1183.898576,6.412370488
Compound_I-N-201,190.4060815,46465104.18,595.1781008,1886.03323,1111.406241,7.152330513
Compound_I-N-202,86.1589006,3844.980848,130.8615323,216.1349698,289.9405716,4.473271898
Compound_I-N-203,48.37166889,359.5005608,58.30651728,115.7290266,230.2504494,2.138627868
Compound_I-N-204,65.07584697,792.9044694,101.5738511,219.4301548,365.6127911,2.913234205
Compound_I-N-205,63.54313476,836.9081926,113.2131931,196.797803,302.6793388,2.918225885
Compound_I-N-206,45.05423327,348.0390196,60.21710964,123.7480473,183.6197432,1.692846235
Compound_I-N-207,45.04867304,262.4917782,60.57431279,116.6421149,198.6346229,2.313479447
Compound_I-N-208,259.1742893,N/A,1403.357731,5600.128407,1981.413533,8.399801801
Compound_I-N-209,272.375134,12099093.3,673.0845083,1302.905056,1522.374734,11.56964497
Compound_I-N-210,346.3473573,N/A,1519.362845,3864.84114,3382.31391,17.09600874
Compound_I-N-211,76.94920796,369.1909221,50.95562177,123.6337052,239.2109518,1.173631197
Compound_I-N-212,241.4544976,203861194.5,941.2095479,3388.953212,1297.118127,13.64601725
Compound_I-N-213,108.6252277,3843.372337,278.5584107,725.6763092,637.5895377,4.811559829
Compound_I-N-215,187.8495494,14880870.71,588.8872989,1881.610746,1320.674636,7.855317329
Compound_I-N-216,185.5240086,195943.978,519.0141848,1519.697133,1130.826208,4.903474178
Compound_I-N-217,242.4415557,19008636.45,655.3658573,1283.257419,1513.279116,11.35796024
Compound_I-N-218,418.8602018,N/A,3198.830038,3705.025468,5852.375206,27.40534127
Compound_I-N-219,127.2445961,12449.07967,228.4844749,373.6110914,457.8521309,7.621755253
Compound_I-N-220,225.9426229,85963.36324,527.3124263,991.5429254,916.8787275,10.21973026
Compound_I-N-221,269.4168796,N/A,1512.111071,5949.006263,2320.708688,13.49211715
Compound_I-N-222,283.4271029,13913774.84,1267.245218,4235.003738,2097.033287,19.01111038
Compound_I-N-223,256.2273107,N/A,960.9807028,1614.584011,1394.84953,18.36753584
Compound_I-N-224,138.3524557,180094.79,357.7295952,633.4692311,753.5693308,7.67352525
Compound_I-N-225,254.9000112,6552513.126,737.4066904,1368.225319,1590.397789,16.503698
Compound_I-N-226,129.419284,60267.96553,271.7972332,862.3927723,690.1783719,4.640651754
Compound_I-N-227,142.9160756,2360.31792,192.9818924,457.6294057,707.7397882,3.17213509
Compound_I-N-228,184.779225,330211.5286,504.7646336,1642.320159,1349.401132,5.753077748
Compound_I-N-229,167.6233792,244810.3058,454.3535469,1440.934455,983.4324209,3.659183747
Compound_I-N-230,162.0169347,23662.47842,383.1205269,915.9892611,995.4498837,6.050412965
Compound_I-N-231,193.3987043,127620612.9,641.150598,3537.337186,1255.122316,5.534473339
Compound_I-N-232,231.8316294,N/A,115.439775,4127.855122,1714.331535,11.38845764
Compound_I-N-233,207.0922857,117591.8275,763.6606163,1046.087949,2135.248101,4.92450919
Compound_I-N-234,615.1820199,N/A,2430.787598,6492.299962,3721.303167,13.87679657
Compound_I-N-235,197.4598068,608921.032,800.7476731,3346.493823,2087.908182,6.860573775
Compound_I-N-236,168.976297,649135.1301,572.2214713,1406.000808,1233.606782,5.937278101
Compound_I-N-237,174.3782199,1010916.947,531.0001032,730.964879,1059.848446,11.28041469
Compound_I-N-238,346.0418854,6.88E+18,937.9292675,1916.994006,2469.237923,11.43437947
Compound_I-N-239,137.7476308,13994.54864,303.6218814,991.7141539,623.4010337,4.570389209
Compound_I-N-240,135.1442941,42984.07378,563.8808839,927.1042822,1259.098107,4.083538963
Compound_I-N-241,115.6830573,9167.790747,208.4693232,400.9612863,488.2469124,7.046327655
Compound_I-N-243,194.5211855,2.22E+12,678.550418,2869.799006,1287.958824,8.646863945
Compound_I-N-244,280.1111386,1.68E+16,1195.853119,4673.679114,2200.508772,12.51945834
Compound_I-N-246,223.3359651,9906602.693,808.5472926,2357.977865,1472.524222,12.23430759
Compound_I-N-247,262.9179197,1.14E+12,904.7071487,2428.849221,1799.566118,10.11433688
Compound_I-N-248,233.0910986,5009932554,613.4602364,1064.906914,1461.64863,8.231590552
Compound_I-N-249,221.1688714,52000254.05,731.1886561,2170.033135,1089.570603,10.14013852
Compound_I-N-250,445.3235195,N/A,1812.479613,6559.700255,2644.318564,13.95852357
Compound_I-N-251,144.1877693,710770.8423,337.2668253,1198.153876,913.2406892,5.22075394
Compound_I-N-252,236.6671691,103323530.8,669.4920784,1813.860101,1078.405797,13.08830176
Compound_I-N-253,233.016482,3579510.251,562.4984586,1364.246365,1237.501438,7.392009768
Compound_I-N-254,356.1125931,N/A,2251.182344,6405.888038,4003.652577,16.40639892
Compound_I-N-255,39.61937449,304.765969,60.07915193,83.45982087,162.3288374,1.926745552
Compound_I-N-256,182.5047623,592856.6605,416.6678284,916.6075096,1157.008295,9.071926504
Compound_I-N-257,150.1992532,3593313.999,518.0673097,2115.153375,1189.270423,5.254693555
Compound_I-N-258,232.3149073,3331315.372,545.9590514,968.2598367,1179.635369,11.81545962
Compound_I-N-259,150.210526,7343.571835,270.9036216,476.2685058,483.4516388,8.903183546
Compound_I-N-260,78.31052455,8458.157903,164.0352812,327.2454106,333.4610012,5.276627499
Compound_I-N-261,191.9572741,N/A,729.2936433,1900.964872,1579.510589,7.758408583
Compound_I-N-262,238.8300811,888025.335,1249.351307,4662.109833,1760.437304,6.867483234
Compound_I-N-263,450.7368918,2.15E+15,1105.608865,1898.727929,2393.122481,20.58884344
Compound_I-N-264,158.0019506,1000628.601,419.3516571,1097.750987,652.9995298,9.847975787
Compound_I-N-265,164.7295549,13448.07712,280.8714824,674.6986982,649.2050104,6.67512427
Compound_I-N-266,244.8240948,12757969.51,647.6480642,3051.632218,1531.869438,5.851879827
Compound_I-N-267,52.96142408,519.3357052,89.12261326,136.5231317,247.8470564,2.392764115
Compound_I-N-268,137.7602853,10496.7337,256.3576072,559.0045368,739.4022786,6.251976886
Compound_I-N-269,130.3028198,7834.898569,323.741231,550.048435,605.7653821,8.194741345
Compound_I-N-270,177.4124599,7765587.069,505.7251351,1290.711127,744.9587727,8.567940003
Compound_I-N-272,95.40252524,1014.888401,132.8629988,270.1648492,466.9787207,2.19958722
Compound_I-N-273,47.48795728,277.5911141,44.96004803,92.33004113,206.1975413,1.537322507
Compound_I-N-274,211.1900993,14408192.7,813.3218116,2632.77581,1010.571697,6.093784387
Compound_I-N-275,318.782795,N/A,1512.87961,4583.385624,2193.772564,14.78376299
Compound_I-N-276,121.4544949,863730.8618,389.0899559,1310.69309,726.6914618,5.48547611
Compound_I-N-277,236.0666083,121686047.8,760.1810507,3498.827815,1389.973472,8.226507408
Compound_I-N-278,181.2224872,12552101.14,114.2708647,1893.741835,912.123413,7.514509879
Compound_I-N-279,222.5430345,342487259.5,692.133666,2919.287322,1582.224175,6.804735532
Compound_I-N-280,278.6947259,68398206039,827.9210115,2906.041639,1977.236049,8.095477153
Compound_I-N-281,182.4225717,154631.7556,580.3345101,1188.108637,754.7195646,9.516432835
Compound_I-N-282,205.343984,815651.1842,559.7628912,2667.333853,1159.225468,5.502237915
Compound_I-N-283,106.3958533,12804.61674,267.0008719,542.4883511,545.7322621,7.339857937
Compound_I-N-284,220.0853542,2601692.36,728.6604212,1582.771561,1285.131035,8.656619029
Compound_I-N-285,199.0860183,39435013.88,636.3777153,1380.357767,925.8532451,7.83407397
Compound_I-N-286,37.47182956,343.763072,84.71749296,113.1020588,217.172474,2.142365769
Compound_I-N-287,251.228183,N/A,894.0529456,4062.022172,1222.000281,11.81559209
Compound_I-N-288,73.91250507,2291.49075,118.0401116,221.9982265,244.6338388,2.778797457
Compound_I-N-289,95.29345109,658.0613025,96.93773184,207.4009083,363.2840913,1.941277319
Compound_I-N-290,267.2153667,N/A,876.337674,3858.865728,1448.438856,10.24724633
Compound_I-O-1,150.4866268,3263.518265,217.9951317,320.628304,767.7939834,9.382870526
Compound_I-O-2,149.024778,1065.386351,153.5601827,159.7794055,588.9024258,6.634119806
Compound_I-O-3,42.61346898,347.063518,63.55255301,82.86190617,168.636761,2.702654779
Compound_I-O-4,404.2162229,N/A,1543.231892,2618.1832,2357.869767,28.97979423
Compound_I-O-5,84.87985876,1048.193262,107.5373517,163.9981461,329.214373,5.684028961
Compound_I-O-6,78.43366273,759.9277965,92.73759661,130.7733561,307.1984872,5.660536894
Compound_I-O-7,160.7971771,201088.4486,350.640795,575.2175372,586.5283254,6.681324099
Compound_I-O-8,2482.099299,N/A,112957.1951,1036455.739,68610.8874,30.81048255
Compound_I-O-9,135.7222536,3836.726132,159.3536539,315.9848447,570.312073,6.009855174
Compound_I-O-10,94.35530142,1248.013308,125.9502445,180.5094431,378.0941479,5.839734944
Compound_I-O-11,133.8406132,3719.463851,169.2826126,334.5546533,780.8344151,4.852155327
Compound_I-O-12,117.4862951,1425.127032,140.1046025,198.3152547,522.9402817,6.424948158
Compound_I-O-13,353.1185459,156806630.4,1261.100417,1940.640778,2170.333091,10.78627812
Compound_I-O-14,287.6539143,N/A,1223.203922,1704.638358,1942.804711,21.87926337
Compound_I-O-15,350.6427323,N/A,1301.373777,2619.476015,2052.415853,17.79335161
Compound_I-O-16,109.4315347,1183.048211,130.123204,151.4010203,267.908266,6.013165548
Compound_I-O-17,248.9221572,23226770.86,816.9177434,2132.433911,1320.120421,7.795437089
Compound_I-O-18,299.8046908,4462236.565,747.6282595,1314.076073,1861.817449,10.16720673
Compound_I-O-19,85.40456266,608.5410935,82.74157993,136.6018702,292.1707114,3.052689347
Compound_I-O-20,262.3929449,4681047.832,1120.702258,1906.792225,1091.964723,12.35340035
Compound_I-O-21,289.3214026,1556205.867,1493.978271,2661.444799,1480.88783,16.87745069
Compound_I-O-22,107.0041085,819.2986371,118.4777384,144.3621303,455.2948239,4.937536087
Compound_I-O-23,164.5289195,1273.797197,175.5465897,215.8036066,638.8250443,7.037430564
Compound_I-O-24,182.3481319,2305.657773,288.0838525,275.5049702,615.2149188,13.74517098
Compound_I-O-25,199.5136878,172350.7086,481.6870762,813.1060163,723.1465766,7.400024926
Compound_I-O-26,497.6579267,5.10E+11,3954.418326,6479.232683,3770.72441,29.11430329
Compound_I-O-27,537.0769616,N/A,3484.547287,19238.91199,3794.166949,32.28017427
Compound_I-O-28,405.8457054,639349101.7,2857.911163,5808.265924,3130.423287,25.84038829
Compound_I-O-29,556.6570888,23053193775,5596.618859,7836.984606,8337.468372,26.42355458
Compound_I-O-30,430.1724515,260385919.6,2818.401385,6774.774744,6306.141006,13.92378129
Compound_I-O-31,425.1088311,36579488.75,2055.678018,3874.199383,2859.586637,16.77070812
Compound_I-O-32,334.5028265,74846514.51,1118.181031,4374.948614,2481.987018,15.19939417
Compound_I-O-33,553.1998494,234231353.2,4698.75748,3703.698053,7894.545522,29.57445938
Compound_I-O-34,312.2183121,1167662313,1285.417981,4809.112415,2082.42626,15.61717948
Compound_I-O-35,234.6432761,848869.5423,874.2470345,2227.113997,2460.840033,15.50155765
Compound_I-O-36,331.6929804,317022098.9,1574.02422,6626.457932,2861.939217,13.95349334
Compound_I-O-37,513.0822118,22527481284,4481.916966,7334.633539,6556.305587,18.41042626
Compound_I-O-38,526.748387,1.37E+13,2398.943051,5295.552239,3586.835842,20.36062569
Compound_I-O-39,248.6467898,78878742.01,966.9998449,5737.484377,1719.061376,9.914702884
Compound_I-O-40,523.6622351,841282006.4,3029.337494,4377.941708,5855.722191,23.01204392
Compound_I-O-41,463.5755744,6584706209,4910.454065,10140.81332,5797.902278,16.19131615
Compound_I-O-42,417.8840619,1352312.151,1746.96263,4043.952112,2978.328836,15.5810181
Compound_I-O-43,307.1631315,5864701802,1359.651356,7317.441593,2597.680037,11.53485129
Compound_I-O-44,311.4795394,602958178.3,1029.195306,2532.782895,1979.975897,14.02706633
Compound_I-O-45,278.4799206,173736647.9,672.2095936,1750.04279,1927.09988,14.67614264
Compound_I-O-46,83.21098621,464.4305972,94.57669602,131.9326085,241.6511366,3.649558518
Compound_I-O-47,94.82629343,400.5534889,81.80014577,98.50751475,297.0875196,6.619534662
Compound_I-O-48,117.7444191,1422.767713,160.966,167.8902532,469.8830966,10.81356223
Compound_I-O-49,127.977335,869.5020135,138.703723,187.4800791,492.531288,6.27484125
Compound_I-O-50,123.9376925,1220.823766,135.0570358,195.9497171,505.3017708,6.552392286
Compound_I-O-51,92.78621141,1036.869129,137.9550577,201.2720655,406.4606382,5.83765006
Compound_I-O-52,86.83623212,461.801364,94.63017864,107.190184,342.086766,7.334450376
Compound_I-O-53,256.4629133,2453295.848,694.7824965,1268.606929,1185.940364,15.81034633
Compound_I-O-54,280.3951245,21104515.48,589.704268,1117.889404,935.9811049,10.53705787
Compound_I-O-55,335.7356409,6209658.758,766.8388303,1142.433301,1430.217611,18.82875146
Compound_I-O-56,250.0976179,807006.7666,701.818942,831.7630408,915.4448685,19.3576709
Compound_I-O-57,285.3597924,7259966.606,842.1660847,1042.2427,1174.983656,22.52883757
Compound_I-O-58,241.2662338,1331938.758,542.2163708,948.2219782,874.8201949,10.4396412
Compound_I-O-59,186.7769428,911905.4213,449.233102,683.5527781,600.5955985,14.41097107
Compound_I-O-60,174.9845571,3116.497946,235.549319,355.3774625,664.5928737,7.108792116
Compound_I-O-61,252.0741163,2553134.605,554.807559,1419.203751,1103.155255,7.799364076
Compound_I-O-62,62.60871726,519.4569946,70.91212201,96.43606009,194.2926021,3.45716038
Compound_I-O-63,108.5844627,1316.987289,143.0828909,182.3699916,423.5310985,7.774471433
Compound_I-O-64,90.80040036,668.9230332,91.99501566,131.447955,269.1497889,4.452887134
Compound_I-O-65,256.0006575,4967251.682,677.3546058,1541.791323,1043.841075,10.25258796
Compound_I-O-66,314.8586569,3989376.55,817.9031452,1079.376696,1237.556397,21.19196218
Compound_I-O-67,99.7585258,1467.420359,143.9656019,228.4560163,427.6932785,4.161541915
Compound_I-O-68,131.565721,1227.90118,165.9242155,220.3814678,445.1417493,9.250857465
Compound_I-O-69,127.8711941,1498.501898,152.8167001,192.9361802,519.5979034,8.304205163
Compound_I-O-70,137.3110745,5498.878759,222.7417752,297.6896859,360.4820133,5.757447091
Compound_I-O-71,72.20928296,639.6029612,109.9314212,139.283594,258.5306261,7.028688472
Compound_I-O-72,47.77757395,610.3211066,75.84531672,118.3678859,248.9314463,3.721566132
Compound_I-O-73,86.61145834,1656.691186,143.5387698,183.7427346,437.1164083,8.653952243
Compound_I-O-74,63.98673665,544.1222342,95.48315933,108.7793885,261.6146586,4.771109673
Compound_I-O-75,66.82902372,535.3206947,85.59362101,106.7774154,262.3194027,4.694572675
Compound_I-O-76,68.69417702,581.8181023,91.15286848,110.5373164,227.4860402,5.702488516
Compound_I-O-77,79.59848454,634.6336344,97.70060442,108.465374,279.5865101,6.209078432
Compound_I-O-78,40.10923496,323.7344606,52.3359291,66.58852938,148.7600228,2.206598551
Compound_I-O-80;Compound_I-O-81,62.19011612,466.2694744,83.10346373,92.81216642,231.094718,3.774457125
Compound_I-O-82,176.274936,4058.415798,237.9858425,275.5205039,1013.226779,10.5742837
Compound_I-O-83,176.9480978,884.5957009,194.3472024,261.8597052,1101.676119,15.18818619
Compound_I-O-84,154.4883786,1094.616397,133.8488316,161.3958765,532.9883855,5.156286751
Compound_I-O-85,95.05754127,1292.26779,145.7834959,175.9105476,380.9572661,7.440339012
Compound_I-O-86,148.946845,1269.841424,160.101195,169.8323529,479.5945715,6.907971283
Compound_I-O-87,172.3374529,987.9698082,161.4052508,160.000059,600.2162694,9.006269845
Compound_I-O-88,247.4524628,5229002.003,653.428363,1108.357026,1012.095724,21.71085415
Compound_I-O-89,102.5117332,1128.505152,153.2675057,222.5842195,498.4431842,5.28440688
Compound_I-O-90,115.8978683,2587.740497,160.3031877,256.3207206,421.742592,9.410582186
Compound_I-O-91,120.9670516,3372.232186,183.5946801,364.4622898,635.4626394,3.954453889
Compound_I-O-92,336.9725458,N/A,1046.317322,2448.420274,1723.828595,20.68968317
Compound_I-C-1,190.067478,3566.418782,292.1892556,423.2701651,959.7645622,7.303215358
Compound_I-C-2,307.3656034,5642827416,847.9650113,1351.524009,1360.167947,28.57274726
Compound_I-C-3,530.3659416,N/A,5885.858541,10519.68115,5161.050986,38.76672907
Compound_I-C-4,380.8076201,N/A,1923.900283,3543.673411,2344.257731,34.91788032
Compound_I-C-5,155.8306592,89631.10222,310.3922409,499.8871479,511.8048127,9.427836125
Compound_I-C-6,191.5051773,38983.44991,617.0346736,1166.908789,754.8053152,8.312595537
Compound_I-C-7,132.0288069,1441.739724,188.2054415,238.5679362,585.852292,10.46865801
Compound_I-C-8,137.6178162,4057.883363,262.0897791,338.9450224,796.4178358,16.05420032
Compound_I-C-9,180.7164243,3776.428905,256.8233486,388.9153544,876.1820001,19.7587259
Compound_I-C-10,213.8667258,12382.73377,401.2266281,1064.025905,1174.521523,5.770909725
Compound_I-C-11,153.3957745,3597.690267,204.5165539,394.1827821,622.8952162,4.503840128
Compound_I-C-12,139.7141118,6245.996131,239.57571,529.2496069,1204.356212,4.035415731
Compound_I-C-13,136.2522723,2681.592751,281.9042789,531.538261,1008.516489,4.296016495
Compound_I-C-14,163.0603222,2098.215779,360.9265857,473.5518537,905.3752618,5.814675642
Compound_I-C-15,154.7839188,228304.6853,305.7152066,536.516129,642.1797679,4.933681617
Compound_I-C-16,57.430674,333.7558229,56.87725218,100.5226273,242.1685576,2.866308114
Compound_I-C-17,72.27894215,551.5321942,92.59085775,156.5263517,292.5544992,3.474672659
Compound_I-C-18,34.31406329,247.2755836,42.52082275,71.56645223,143.3873861,2.374768703
Compound_I-C-19,73.8676444,523.8880503,73.12172679,115.9495827,298.1614097,2.717091807
Compound_I-C-20,144.7295081,307982.4009,337.0653235,565.8781881,612.6060831,4.606675034
Compound_I-C-21,28.47751391,221.1690594,29.2217523,46.87081269,89.83564772,1.349102314
Compound_I-C-22,112.2141523,12887.54493,204.7743427,412.0151797,393.5741593,3.490018801
Compound_I-C-23,79.11371804,635.8396296,114.5903707,190.4344198,218.0873932,3.01678116
Compound_I-C-24,123.7692258,13513.87434,227.1979175,392.532268,529.7044674,4.649756482
Compound_I-C-25,38.41581516,259.2414605,50.40245307,79.67881833,161.556159,1.962874849
Compound_I-C-26,262.9891865,28012933.38,627.4282032,994.3210982,1419.302066,7.421861934
Compound_I-C-27,144.4197526,21367.14658,329.9850242,633.6525628,677.9311376,3.984870274
Compound_I-C-28,191.7267508,428685.6144,289.6256914,507.2699851,776.0617228,4.644708397
Compound_I-C-29,135.37479,5324.118846,250.569984,400.3498934,502.9853109,5.172043349
Compound_I-C-30,149.2513421,8540.440497,294.6217785,444.0331141,544.9472379,5.173968787
Compound_I-C-31,267.9492917,91734883.17,764.5956602,1608.093772,1698.406375,7.893886043
Compound_I-C-32,266.6912925,1779723.44,608.7581899,1102.8279,1737.93029,9.1489473
Compound_I-C-33,325.7444008,14608188.87,1083.047062,2080.264537,1748.930652,10.86204686
Compound_I-C-34,132.6007132,49588.09501,282.8175783,546.8249951,528.7801893,4.995732321
Compound_I-C-35,171.8889987,843578.9628,377.2414705,787.1712617,874.0539774,5.939129686
Compound_I-C-36,149.7919002,15916.83859,319.7289892,525.536422,533.7503102,6.196009281
Compound_I-C-37,157.9974793,192062.424,328.022885,574.5072853,679.4413192,5.699057412
Compound_I-C-38,37.86810598,188.0152189,45.76250029,61.97424598,172.6908343,1.921055726
Compound_I-C-39,70.73528306,395.9932532,72.87356162,112.1212339,258.8098353,2.673150908
Compound_I-C-40,27.53587616,204.8066931,29.6059163,46.72550151,95.47248244,1.397191734
Compound_I-C-41,27.40223167,143.2872904,26.01708211,43.15229413,90.35175209,1.824692399
Compound_I-C-42,231.7324565,N/A,796.8000424,3594.576777,1439.041973,15.17037847
Compound_I-C-43,34.28852846,247.7650505,52.98380971,78.13071417,154.1931298,1.562536011
Compound_I-C-44,37.20786346,199.8838765,46.42740892,64.84399397,136.1679976,2.24436664
Compound_I-C-45,40.97654748,221.4813712,48.96176414,79.71151618,144.5539012,2.225519119
Compound_I-C-46,38.69522406,257.2599385,52.52861823,83.89408893,147.5960876,1.946389126
Compound_I-C-47,147.1373809,4638201.106,335.893744,1011.353894,1139.411043,6.394287931
Compound_I-C-48,25.55700614,132.7092307,28.98547509,41.69351945,92.38997515,1.638272496
Compound_I-C-49,38.88814416,330.5642217,41.39366607,79.52978925,134.5285858,1.901885814
Compound_I-C-50,61.99268473,245.7703221,88.35015635,114.4000311,257.0641066,5.065116644
Compound_I-C-51,35.68528548,364.1728848,38.991726,80.475307,125.2693993,1.939775492
Compound_I-C-52,66.54172745,795.8887264,63.06731422,122.0075969,245.1827581,2.267918495
Compound_I-C-53,39.41837064,210.1455054,39.13140589,55.22740548,118.91395,2.746371443
Compound_I-C-54,34.82656552,227.5056574,41.13635724,58.14348201,130.0296452,2.457796566
Compound_I-C-55,152.1599035,87576.78064,317.2648854,670.6962976,790.4699461,5.204947816
Compound_I-C-56,92.13558427,14889.51813,145.6550428,281.0808837,316.9805182,3.319787828
Compound_I-C-57,192.270002,1005779.785,436.1765623,881.7655391,706.4696811,5.5242861
Compound_I-C-58,192.379068,33176010546,784.5968686,1444.634553,1689.865015,7.43107646
Compound_I-C-59,170.4807634,1129476.407,358.1155738,680.5572276,952.9155252,5.703051945
Compound_I-C-60,172.1254861,1143964.608,475.8027127,809.4817243,827.0198768,6.721479727
Compound_I-C-61,161.1935958,825258.0244,436.8373553,987.5111927,744.6730285,9.851867439
Compound_I-C-62,149.5501603,16316.98901,286.7716081,547.7817751,574.3077061,5.834322925
Compound_I-C-63,168.2294002,36675298.46,534.9294525,1114.823763,1008.63563,5.60379005
Compound_I-C-64,76.08175236,1487.150838,168.9531915,314.7284286,277.8317915,4.796868342
Compound_I-C-65,331.0507839,1020721.296,628.1765232,1455.823051,1774.047009,8.686094751
Compound_I-C-66,34.72553928,336.3290821,39.58338002,68.54807285,104.5216012,2.084543901
Compound_I-C-67,161.3201698,57360.78897,326.5744283,607.1838949,635.5781886,5.804268506
Compound_I-C-68,261.6529749,2957432.568,599.726088,1252.445459,1540.511534,8.918176666
Compound_I-C-69,287.8003474,N/A,1279.377967,4135.942315,2177.150518,13.74970854
Compound_I-C-70,144.3976115,13147080.58,547.9675735,1750.457731,955.9465668,7.186801909
Compound_I-C-71,154.2901566,11011319.01,431.9379103,1303.347022,825.5001604,6.870917293
Compound_I-C-72,297.7303407,352353423.1,931.9740157,1746.809286,1708.884133,8.346415048
Compound_I-C-73,399.4180833,N/A,2724.675233,13478.95664,5432.720627,21.57868706
Compound_I-C-74,128.4422112,40359.4037,281.767864,464.7198265,449.0427723,7.836176861
Compound_I-C-75,418.0335014,2.58E+11,1383.674624,2451.222765,3206.040949,16.58871392
Compound_I-C-76,475.1407368,N/A,2259.505223,3382.353946,2551.549505,27.39083985
Compound_I-C-77,74.59194324,4919.858254,142.1493401,291.1966998,355.8382758,3.591855536
Compound_I-C-78,81.9733841,16376.46594,186.3635335,366.7292945,507.2830852,3.411741674
Compound_I-C-79,265.6258721,646023.5205,558.3226273,761.9137667,1093.572783,12.97972285
Compound_I-C-80,82.42642072,5016.880481,160.5582135,304.8795138,338.3660762,3.538103722
Compound_I-C-81,89.56611307,26418.85341,208.334678,369.7059492,544.4853202,3.402071248
Compound_I-C-82,223.0736351,860808.0724,543.2596165,960.1364724,1373.984555,6.173096435
Compound_I-C-83,93.07080416,10614.25761,218.0580551,360.7842248,472.700374,3.721935591
Compound_I-C-84,331.1844039,N/A,1328.653261,12266.85252,2294.747268,14.90275077
Compound_I-G-1,91.45494971,548.2941469,84.21885937,178.8780427,349.5880029,1.861783859
Compound_I-G-2,248.5050354,17945556.62,678.1104419,3595.574072,1418.388898,7.026848808
Compound_I-G-3,70.05857176,384.6965355,78.49298472,150.8063469,277.8282266,1.574493317
Compound_I-G-4;Compound_I-G-55,102.2167085,469.003113,105.4880336,216.3293564,389.9301264,1.58895983
Compound_I-G-5,59.29709297,302.4051543,63.84648729,110.2563469,214.8062316,1.43299826
Compound_I-G-6,75.02391264,415.8610003,79.73189386,161.5948285,327.3111954,1.634519615
Compound_I-G-7,40.05390503,215.1395678,42.57356937,75.76780384,161.5244145,1.090481597
Compound_I-G-8,154.978961,294358.8017,490.2839313,2360.015294,1200.53716,4.630584046
Compound_I-G-9,77.61873258,457.8679036,72.96753845,191.8495526,305.9426456,1.37979249
Compound_I-G-10,63.02501118,413.1748774,76.21509577,170.016982,276.9786117,1.782517068
Compound_I-G-11,85.16161294,532.676663,103.3485824,226.1987324,342.7893358,1.962700911
Compound_I-G-12;Compound_I-G-56,90.63981929,316.0771275,70.57314268,127.0359365,307.321744,1.809009955
Compound_I-G-13,50.77654676,381.4270998,57.55606731,150.8989514,218.7009579,1.199669802
Compound_I-G-72;Compound_I-G-14,149.4186509,1499098.986,491.0308815,1522.143315,753.4070682,4.029336536
Compound_I-G-15,58.58380523,261.5569788,61.05797706,113.3175205,194.4367842,1.586656279
Compound_I-G-16,91.16444843,687.8778705,125.1670405,196.3199354,327.6223559,3.225860118
Compound_I-G-18,56.93305644,635.0228214,117.2130041,248.6490294,274.1424632,2.22694699
Compound_I-G-19,169.3638378,678617.2717,404.7209437,1855.713216,869.7539871,4.510438482
Compound_I-G-20,72.17644863,440.3029589,82.42096366,157.6050969,284.2850957,1.840883736
Compound_I-G-21,206.1060283,2555971.401,580.4597338,3226.063621,1091.586738,5.287076877
Compound_I-G-22,119.4299777,1375.477497,182.5666456,413.8655208,461.2421637,3.096602383
Compound_I-G-23,160.8790962,1052.87317,179.5755383,289.7190237,702.9294737,3.20651026
Compound_I-G-24,96.50700758,696.3443808,127.5943779,244.0076809,434.4175123,2.30347728
Compound_I-G-25,82.64884518,446.2497991,97.43516369,161.006863,372.5163043,1.881216212
Compound_I-G-26,73.66696737,465.7909078,97.37138728,142.1107162,289.0498957,2.613185536
Compound_I-G-27,67.57265599,365.1057593,67.47951331,129.8523801,272.4908946,1.499160778
Compound_I-G-29,248.8101699,33010626.12,833.1591513,3956.719447,1783.019603,6.512684214
Compound_I-G-30,68.84558052,475.5595609,80.65805882,135.4455206,316.5221701,2.267950383
Compound_I-G-31,105.9203616,781.6348648,133.4918235,260.1932637,360.5468103,2.779901363
Compound_I-G-32,77.31413053,1111.90392,124.9253992,163.3439369,339.2037792,4.130914586
Compound_I-G-33,230.3622482,540920489.9,1017.667403,4054.512723,2509.198433,8.181547061
Compound_I-G-34,145.9214304,1102.135998,201.0069207,393.8100126,616.9069183,2.970054756
Compound_I-G-35,40.7835766,297.6989381,42.88474373,117.190383,157.4301464,1.244112407
Compound_I-G-36,251.9210801,929699.4543,794.5501697,6932.972574,1739.405379,4.550536387
Compound_I-G-37,313.2093587,841415.4462,784.3576559,4775.935272,1922.484284,5.648284512
Compound_I-G-38,71.08654786,287.31345,76.16086218,146.6702576,246.1110162,1.542379736
Compound_I-G-40,241.0038042,446501.2167,702.8009654,4405.773421,1362.166903,4.559560185
Compound_I-G-41,189.129574,817321.1805,510.2196489,2073.600988,1080.552502,6.404348254
Compound_I-G-42,51.8908753,309.9956245,59.40401128,96.24348813,205.3954354,2.031737619
Compound_I-G-43,65.17476794,583.2642344,85.89951035,169.2828186,237.8233335,2.344743262
Compound_I-G-44,73.06454344,570.9422593,111.1227567,253.9044638,379.6934978,2.202039159
Compound_I-G-45,56.68929234,261.5946739,73.18163855,143.6520523,263.5770475,1.539023048
Compound_I-G-46,69.61922747,446.0010666,86.21085279,182.0576224,319.7511096,1.441174522
Compound_I-G-47,63.51027001,348.1584155,72.38246477,152.5101878,259.4347199,1.333160399
Compound_I-G-48,58.1097802,225.8333364,47.53988767,95.96790327,209.2370178,1.719584248
Compound_I-G-49,62.37456084,579.7478229,94.87167289,174.509861,254.8014543,2.440690667
Compound_I-G-50,55.1502257,306.4708302,63.35931724,130.6962872,226.0477345,1.289032861
Compound_I-G-51,52.23710772,345.4034539,89.81121292,164.5514038,209.908315,2.107732666
Compound_I-G-52,68.45828126,428.8207111,87.88167123,192.9109623,276.3277923,2.132346787
Compound_I-G-53,117.21625,987.3923479,172.5972344,395.6265248,385.7692086,3.105911264
Compound_I-G-54,72.96938402,380.8488696,81.21829764,150.9581695,276.0839516,1.668972404
Compound_I-G-57,56.00539591,472.6813877,73.80716843,142.2492022,179.4423249,2.209610319
Compound_I-G-58,56.84930601,336.3620216,53.65564268,103.6427311,175.3897902,1.772494022
Compound_I-G-59,45.69331503,246.3061536,50.5031038,81.26165207,143.2168225,1.767310123
Compound_I-G-60,45.559347,210.1488343,48.20097466,82.23021417,129.130894,1.771358446
Compound_I-G-61,62.57271374,370.8461383,73.17993838,156.5774467,266.9054512,1.518316437
Compound_I-G-62,85.87721251,478.411633,92.53159888,188.9521089,441.4712187,2.187852212
Compound_I-G-63,185.2473142,473284.8939,521.5883321,2000.162853,1282.67524,6.116432108
Compound_I-G-64,50.11333812,319.9763507,57.44511231,110.26948,160.0251551,2.091740381
Compound_I-G-65,55.53376511,392.9322189,71.1122184,142.056269,255.3113417,1.770302243
Compound_I-G-66,31.79183403,170.8009921,35.93964428,64.04487719,116.842935,1.223836553
Compound_I-G-74;Compound_I-G-67,119.5043424,53843.61876,331.8478847,846.3590634,556.4133617,5.117407731
Compound_I-G-68,45.64723426,251.6143995,52.77417153,106.8060581,158.0472802,1.56779913
Compound_I-G-69,53.64759299,352.8030349,70.74915857,142.3935079,225.1785204,1.682240635
Compound_I-G-70,69.88659688,486.8298947,79.27479607,183.8311147,298.815884,1.45831837
Compound_I-G-71,70.91341091,516.3890628,78.29940545,161.7471666,334.5422078,1.6934713
Compound_I-G-73,134.206989,634290.0824,437.6219228,1366.644596,860.3989899,4.710059778
Compound_I-G-75,181.391363,659998.3851,551.0907645,3018.131092,932.6700525,4.353124292
Compound_I-G-76,161.9826863,48613959.42,500.0913797,2532.690462,956.2087993,6.787958671
Compound_I-G-77,154.6991679,1565859.156,446.0336949,1993.195828,1142.900808,5.893632539
Compound_I-G-78,216.0773489,11764742.51,555.4194839,2538.074847,1084.084195,6.935899827
Compound_I-G-79,202.628996,619179.6173,548.3696373,2654.759895,1199.772841,5.31753608
Compound_I-G-80,147.9551308,356045.4934,371.1630498,1152.699681,742.0025677,5.253622206
Compound_I-G-81,170.556128,23029467.11,481.5306365,2270.460825,989.5531778,9.027828195
Compound_I-G-82,116.3021918,124745.9552,292.6144357,753.9456241,646.0891741,5.536420642
Compound_I-G-83,160.7796231,248432.4645,543.6548081,2002.557616,1140.848551,5.868566876
Compound_I-G-84,160.2771259,508787.765,374.989526,1718.125006,866.0626016,4.177186428
Compound_I-G-85,231.3306785,11405811.55,732.5076545,4332.13002,1676.085716,6.038721551
Compound_I-G-86,222.4468526,28267444.57,784.5372867,3892.281673,1297.374081,9.240178429
Compound_I-G-87,30.43805243,153.0643114,34.56382196,55.92203146,100.9047676,1.209453899
Compound_I-G-88,194.5903003,832110.4334,456.9728951,1722.643964,1145.241948,4.855388293
Compound_I-G-89,224.8311444,2702350266,709.4449515,3102.576521,1074.823495,12.18310631
Compound_I-G-90,167.9912028,657217.9794,410.5667608,1812.104248,939.4136251,4.500259222
Compound_I-G-91,171.0241301,970197.3485,422.0864719,1836.093785,816.2451078,6.298466308
Compound_I-G-92,59.84372289,388.9580518,49.3890583,142.3124436,195.6357826,1.042903152
Compound_I-G-93,208.5907064,239836.9104,431.9700386,2667.112566,925.8394653,4.659131163
Compound_I-G-94,188.7299292,712248.5026,413.3781981,1923.984941,845.4832234,4.732690587
Compound_I-G-95,83.91494165,451.2431282,74.19347642,132.4030187,287.5424764,1.686761334
Compound_I-G-96,73.19523732,449.1329501,58.03584833,169.6911915,252.1514811,1.065219706
Compound_I-G-98,190.6310586,2828906.679,588.3699972,3300.32097,872.7544578,4.955535445
Compound_I-G-99,174.7836119,278528.6542,422.1662057,2197.112299,908.3282483,4.094511626
Compound_I-N-153,134.3004367,3131.929284,245.3297818,528.1751613,739.2271655,7.428021445
Compound_I-N-242,429.0516442,N/A,1671.125339,3129.84514,3434.608409,17.67861162
Compound_I-N-245,151.8366953,145578.1024,501.9251038,979.7119462,1284.22286,3.800965801
Compound_I-O-79,45.90434929,312.4606507,62.01017913,80.56857792,197.2283984,2.7231194
Compound_I-G-28,85.90552038,434.7407178,92.34265706,206.9264122,319.983821,1.532370958
Compound_I-N-6,71.67563494,581.33185,103.2119984,140.7584633,341.4494142,2.078448256
Compound_I-N-96,56.66336616,967.2204608,86.36704402,152.2240994,270.1182216,1.872186693
Compound_I-N-110,97.17826957,3233.469275,149.5094013,386.1964725,450.3636326,2.140791608
Compound_I-N-114,87.66254401,791.5473314,126.4589279,162.320793,373.5901299,2.729178113